standard_value_min,standard_value_max,standard_value_get_all_levels,standard_value_get_mean,db_id,canonical_smiles,source,activity,chembl_sim
28000.0,28000.0,[Decimal('28000.0')],28000.0,CHEMBL4,CC1COc2c(N3CCN(C)CC3)c(F)cc3c(=O)c(C(=O)O)cn1c23,chembl,inactive,
4750000.0,4750000.0,[Decimal('4750000.0')],4750000.0,CHEMBL5,CCn1cc(C(=O)O)c(=O)c2ccc(C)nc21,chembl,inactive,
10600.0,37725.5,"[Decimal('10600.0'), Decimal('37725.5')]",24162.75,CHEMBL8,O=C(O)c1cn(C2CC2)c2cc(N3CCNCC3)c(F)cc2c1=O,chembl,inactive,
6000.0,12500.0,"[Decimal('6000.0'), Decimal('8100.0'), Decimal('10000.0'), Decimal('11200.0'), Decimal('12500.0')]",10433.333333333334,CHEMBL32,COc1c(N2C[C@@H]3CCCN[C@@H]3C2)c(F)cc2c(=O)c(C(=O)O)cn(C3CC3)c12,chembl,active,
50000.0,50000.0,[Decimal('50000.0')],50000.0,CHEMBL64,NNC(=O)c1ccncc1,chembl,inactive,
200000.0,200000.0,[Decimal('200000.0')],200000.0,CHEMBL590,CC1=CC(=O)c2ccccc2C1=O,chembl,inactive,
15.0,46000.0,"[Decimal('15.0'), Decimal('20.0'), Decimal('46.0'), Decimal('50.0'), Decimal('85.0'), Decimal('46000.0')]",4222.363636363636,CHEMBL36506,CO[C@@H]1[C@@H](OC(N)=O)[C@@H](O)[C@H](Oc2ccc3c(O)c(NC(=O)c4ccc(O)c(CC=C(C)C)c4)c(=O)oc3c2C)OC1(C)C,chembl,active,
156000.0,156000.0,[Decimal('156000.0')],156000.0,CHEMBL826,CCn1cc(C(=O)O)c(=O)c2cc(F)c(N3CCNCC3)nc21,chembl,inactive,
15100.0,15100.0,[Decimal('15100.0')],15100.0,CHEMBL48931,O=S(=O)(Nc1ccc(Nc2c3ccccc3nc3ccccc23)cc1)c1ccccc1,chembl,inactive,
32600.0,32600.0,[Decimal('32600.0')],32600.0,CHEMBL49272,O=C(Nc1ccccc1)Nc1ccc(Nc2c3ccccc3nc3ccccc23)cc1,chembl,inactive,
30000.0,30000.0,[Decimal('30000.0')],30000.0,CHEMBL430853,Cc1cc(O)c2c(c1)C(=O)C=CC2=O,chembl,inactive,
50000.0,50000.0,[Decimal('50000.0')],50000.0,CHEMBL374478,CO[C@H]1/C=C/O[C@@]2(C)Oc3c(C)c(O)c4c(O)c(c(/C=N/N5CCN(C)CC5)c(O)c4c3C2=O)NC(=O)/C(C)=C\C=C\[C@H](C)[C@H](O)[C@@H](C)[C@@H](O)[C@@H](C)[C@H](OC(C)=O)[C@@H]1C,chembl,inactive,
15000.0,15000.0,[Decimal('15000.0')],15000.0,CHEMBL242550,Cc1cc(O)c2c(c1)C(=O)C(c1c(C)cc3c(c1O)C(=O)C=CC3=O)=CC2=O,chembl,inactive,
50000.0,50000.0,[Decimal('50000.0')],50000.0,CHEMBL241392,Cc1cc(O)c2c(c1)C(=O)C=C(c1c(C)cc(O)c3c1C(=O)C=CC3=O)C2=O,chembl,inactive,
11300.0,11300.0,[Decimal('11300.0')],11300.0,CHEMBL531018,Nc1ccc(-c2nc3cc(-c4ccc5[nH]c(-c6ccc(N)cc6)nc5c4)ccc3[nH]2)cc1,chembl,inactive,
100000.0,100000.0,[Decimal('100000.0')],100000.0,CHEMBL1992900,Cc1cc2c(c(O)c1-c1c(C)cc(O)c3c1C(=O)C=CC3=O)C(=O)C=CC2=O,chembl,inactive,
1050.0,1050.0,[Decimal('1050.0')],1050.0,CHEMBL2165062,N#Cc1ccc2ccc(=O)n(CCN3CCC(NCc4cc5c(cn4)OCCO5)CC3)c2c1,chembl,active,
27100.0,27100.0,[Decimal('27100.0')],27100.0,CHEMBL3085863,CCOC(=O)c1sc(-c2ccccc2)nc1N1CCC(NCc2ccc(F)cc2)CC1,chembl,inactive,
30.0,30.0,[Decimal('30.0')],30.0,CHEMBL3114205,CCNC(=O)Nc1nc2cc(-c3ccn(CC)c(=O)c3)c(=O)n(C(C)C)c2s1,chembl,active,
51.0,51.0,[Decimal('51.0')],51.0,CHEMBL3114216,CCNC(=O)Nc1nc2cc(-c3cccnc3)c(=O)n(C(C)C)c2s1,chembl,active,
150.0,150.0,[Decimal('150.0')],150.0,CHEMBL3290336,COc1ccc2ccc(=O)n(CCN3CCC(NCc4ccc5c(n4)NC(=O)CO5)CC3)c2n1,chembl,active,
110.0,110.0,[Decimal('110.0')],110.0,CHEMBL3290337,N#Cc1ccc2ccc(=O)n(CCN3CCC(NCc4ccc5c(n4)NC(=O)CO5)CC3)c2c1,chembl,active,
100000.0,100000.0,[Decimal('100000.0')],100000.0,CHEMBL3290338,Cc1nc(CNC2CCN(CCn3c(=O)ccc4ccc(C#N)cc43)CC2)ccc1C#N,chembl,inactive,
250.0,250.0,[Decimal('250.0')],250.0,CHEMBL3290339,Cc1ncc(CNC2CCN(CCn3c(=O)ccc4ccc(C#N)cc43)CC2)cc1C#N,chembl,active,
140.0,140.0,[Decimal('140.0')],140.0,CHEMBL3290341,COc1cnc2ccc(=O)n(CCN3CCC(NCc4cnc(C)c(C#N)c4)CC3)c2c1,chembl,active,
65.0,65.0,[Decimal('65.0')],65.0,CHEMBL3286436,COc1cc(C#N)c2ccc(=O)n(CCN3CCC(NCc4cnc(C)c(C#N)c4)CC3)c2c1,chembl,active,
250.0,250.0,[Decimal('250.0')],250.0,CHEMBL3290351,COc1cnc2ccc(=O)n(CCN3CC[C@@H](NCc4cnc(C)c(C#N)c4)[C@@H](F)C3)c2c1,chembl,active,
350.0,350.0,[Decimal('350.0')],350.0,CHEMBL3290353,O=C1COc2ccc(CN[C@@H]3CCN(CCn4c(=O)ccc5ncc(F)cc54)C[C@@H]3F)nc2N1,chembl,active,
240.0,240.0,[Decimal('240.0')],240.0,CHEMBL3290354,O=C1COc2ccc(CN[C@H]3CCN(CCn4c(=O)ccc5ncc(F)cc54)C[C@H]3F)nc2N1,chembl,active,
170.0,170.0,[Decimal('170.0')],170.0,CHEMBL3290356,COc1cnc2ccc(=O)n(CCN3CC[C@H](NCc4ccc5c(n4)NC(=O)CO5)[C@H](F)C3)c2c1,chembl,active,
6810.0,6810.0,[Decimal('6810.0')],6810.0,CHEMBL3323154,CCOC(=O)c1cc2cc(N3CCN(C(=O)Cc4ccccc4)CC3)ccc2o1,chembl,active,
8900.0,8900.0,[Decimal('8900.0')],8900.0,CHEMBL3323155,CCOC(=O)c1cc2cc(N3CCN(C(=O)Cc4ccc(Cl)cc4)CC3)ccc2o1,chembl,active,
26900.0,26900.0,[Decimal('26900.0')],26900.0,CHEMBL3323156,CCOC(=O)c1cc2cc(N3CCN(C(=O)Cc4ccc(F)cc4)CC3)ccc2o1,chembl,inactive,
6100.0,6100.0,[Decimal('6100.0')],6100.0,CHEMBL3323157,CCOC(=O)c1cc2cc(N3CCN(C(=O)Cc4c(F)cc(F)cc4F)CC3)ccc2o1,chembl,active,
5200.0,5200.0,[Decimal('5200.0')],5200.0,CHEMBL3323158,CCOC(=O)c1cc2cc(N3CCN(C(=O)Cc4ccc(Br)cc4)CC3)ccc2o1,chembl,active,
7400.0,7400.0,[Decimal('7400.0')],7400.0,CHEMBL3323159,CCOC(=O)c1cc2cc(N3CCN(C(=O)Cc4ccc(OC)cc4)CC3)ccc2o1,chembl,active,
3125.0,3125.0,[Decimal('3125.0')],3125.0,CHEMBL3323160,CCOC(=O)c1cc2cc(N3CCN(C(=O)CCc4ccc(F)cc4)CC3)ccc2o1,chembl,active,
1140.0,1140.0,[Decimal('1140.0')],1140.0,CHEMBL3323161,CCOC(=O)c1cc2cc(N3CCN(C(=O)COc4ccccc4)CC3)ccc2o1,chembl,active,
3600.0,3600.0,[Decimal('3600.0')],3600.0,CHEMBL3323162,CCOC(=O)c1cc2cc(N3CCN(C(=O)c4cccc5ccccc45)CC3)ccc2o1,chembl,active,
910.0,910.0,[Decimal('910.0')],910.0,CHEMBL3323163,CCOC(=O)c1cc2cc(N3CCN(C(=O)c4ccc(C5CCOCC5)cc4)CC3)ccc2o1,chembl,active,
25200.0,25200.0,[Decimal('25200.0')],25200.0,CHEMBL3323164,CCOC(=O)c1cc2cc(N3CCN(C(=O)CC4CCCCC4)CC3)ccc2o1,chembl,inactive,
6870.0,6870.0,[Decimal('6870.0')],6870.0,CHEMBL3323165,CCOC(=O)c1cc2cc(N3CCN(C(=O)CCC45CC6CC(CC(C6)C4)C5)CC3)ccc2o1,chembl,active,
840.0,840.0,[Decimal('840.0')],840.0,CHEMBL3323166,CCOC(=O)c1cc2cc(N3CCN(C(=O)C4Cc5ccccc5N4)CC3)ccc2o1,chembl,active,
24400.0,24400.0,[Decimal('24400.0')],24400.0,CHEMBL3323167,CCOC(=O)c1cc2cc(N3CCN(C(=O)c4ccco4)CC3)ccc2o1,chembl,inactive,
810.0,810.0,[Decimal('810.0')],810.0,CHEMBL3323168,CCOC(=O)c1cc2cc(N3CCN(C(=O)C4CCN(C(=O)OC(C)(C)C)CC4)CC3)ccc2o1,chembl,active,
1500.0,1500.0,[Decimal('1500.0')],1500.0,CHEMBL3323169,CCOC(=O)c1cc2cc(N3CCN(C(=O)c4cccnc4Cl)CC3)ccc2o1,chembl,active,
3120.0,3120.0,[Decimal('3120.0')],3120.0,CHEMBL3323170,CCOC(=O)c1cc2cc(N3CCN(C(=O)c4nccnc4Cl)CC3)ccc2o1,chembl,active,
45140.0,45140.0,[Decimal('45140.0')],45140.0,CHEMBL3323248,CCOC(=O)c1cc2cc(N3CCN(C(=O)c4ccc(C(F)(F)F)cc4)CC3)ccc2o1,chembl,inactive,
3100.0,3100.0,[Decimal('3100.0')],3100.0,CHEMBL3323249,CCOC(=O)c1cc2cc(N3CCN(C(=O)c4c(Cl)cccc4Cl)CC3)ccc2o1,chembl,active,
15610.0,15610.0,[Decimal('15610.0')],15610.0,CHEMBL3323250,CCOC(=O)c1cc2cc(N3CCN(C(=O)c4ccccc4OC(F)(F)F)CC3)ccc2o1,chembl,inactive,
7810.0,7810.0,[Decimal('7810.0')],7810.0,CHEMBL3323251,CCOC(=O)c1cc2cc(N3CCN(C(=O)c4ncccc4C(F)(F)F)CC3)ccc2o1,chembl,active,
2900.0,2900.0,[Decimal('2900.0')],2900.0,CHEMBL3323252,CCOC(=O)c1cc2cc(N3CCN(C(=O)c4c(F)cccc4F)CC3)ccc2o1,chembl,active,
26300.0,26300.0,[Decimal('26300.0')],26300.0,CHEMBL3323253,CCOC(=O)c1cc2cc(N3CCN(C(=O)c4ccccc4C(F)(F)F)CC3)ccc2o1,chembl,inactive,
2520.0,2520.0,[Decimal('2520.0')],2520.0,CHEMBL3323254,CCOC(=O)c1cc2cc(N3CCN(C(=O)c4cccc(OC)c4)CC3)ccc2o1,chembl,active,
9800.0,9800.0,[Decimal('9800.0')],9800.0,CHEMBL3323255,CCOC(=O)c1cc2cc(N3CCN(C(=O)c4c(F)cc(OC)cc4F)CC3)ccc2o1,chembl,active,
29100.0,29100.0,[Decimal('29100.0')],29100.0,CHEMBL3323256,CCOC(=O)c1cc2cc(N3CCN(C(=O)CC(C)C)CC3)ccc2o1,chembl,inactive,
100000.0,100000.0,[Decimal('100000.0')],100000.0,CHEMBL3335464,COCCN(C1CCN(Cc2c(-c3ccccc3)[nH]c3c(C)cccc23)C1)S(C)(=O)=O,chembl,inactive,
100000.0,100000.0,[Decimal('100000.0')],100000.0,CHEMBL3335466,O=S(=O)(NC1CCN(Cc2ccncc2)CC1)c1ccc(-n2cccn2)cc1,chembl,inactive,
7140.0,7140.0,[Decimal('7140.0')],7140.0,CHEMBL3355782,CCOC(=O)c1cc2cc(N3CCN(C(=O)Nc4ccccc4)CC3)ccc2o1,chembl,active,
18200.0,18200.0,[Decimal('18200.0')],18200.0,CHEMBL3355783,CCOC(=O)c1cc2cc(N3CCN(C(=O)Nc4ccc(Cl)cc4)CC3)ccc2o1,chembl,inactive,
3550.0,3550.0,[Decimal('3550.0')],3550.0,CHEMBL3355784,CCOC(=O)c1cc2cc(N3CCN(C(=O)Nc4ccc(C(C)=O)cc4)CC3)ccc2o1,chembl,active,
2930.0,2930.0,[Decimal('2930.0')],2930.0,CHEMBL3355785,CCOC(=O)c1cc2cc(N3CCN(C(=O)Nc4ccc([N+](=O)[O-])cc4)CC3)ccc2o1,chembl,active,
7330.0,7330.0,[Decimal('7330.0')],7330.0,CHEMBL3355786,CCOC(=O)c1cc2cc(N3CCN(C(=O)Nc4ccc(OC)cc4)CC3)ccc2o1,chembl,active,
3120.0,3120.0,[Decimal('3120.0')],3120.0,CHEMBL3355787,CCOC(=O)c1cc2cc(N3CCN(C(=O)NCc4ccccc4)CC3)ccc2o1,chembl,active,
1610.0,1610.0,[Decimal('1610.0')],1610.0,CHEMBL3355788,CCOC(=O)c1cc2cc(N3CCN(C(=O)NCc4ccc(Cl)cc4)CC3)ccc2o1,chembl,active,
7200.0,7200.0,[Decimal('7200.0')],7200.0,CHEMBL3355789,CCOC(=O)c1cc2cc(N3CCN(C(=S)Nc4ccccc4)CC3)ccc2o1,chembl,active,
13240.0,13240.0,[Decimal('13240.0')],13240.0,CHEMBL3355790,CCOC(=O)c1cc2cc(N3CCN(C(=S)Nc4ccc(Cl)cc4)CC3)ccc2o1,chembl,inactive,
16900.0,16900.0,[Decimal('16900.0')],16900.0,CHEMBL3355791,CCOC(=O)c1cc2cc(N3CCN(C(=S)Nc4ccc(C(C)=O)cc4)CC3)ccc2o1,chembl,inactive,
10550.0,10550.0,[Decimal('10550.0')],10550.0,CHEMBL3355792,CCOC(=O)c1cc2cc(N3CCN(C(=S)Nc4ccc([N+](=O)[O-])cc4)CC3)ccc2o1,chembl,inactive,
19800.0,19800.0,[Decimal('19800.0')],19800.0,CHEMBL3355793,CCOC(=O)c1cc2cc(N3CCN(C(=S)Nc4ccc(OC)cc4)CC3)ccc2o1,chembl,inactive,
9100.0,9100.0,[Decimal('9100.0')],9100.0,CHEMBL3355794,CCOC(=O)c1cc2cc(N3CCN(C(=S)NCc4ccccc4)CC3)ccc2o1,chembl,active,
11250.0,11250.0,[Decimal('11250.0')],11250.0,CHEMBL3355795,CCOC(=O)c1cc2cc(N3CCN(C(=S)NCc4ccc(Cl)cc4)CC3)ccc2o1,chembl,inactive,
4590.0,4590.0,[Decimal('4590.0')],4590.0,CHEMBL3355796,O=C(Nc1ccccc1)N1CCN(c2nsc3ccccc23)CC1,chembl,active,
420.0,420.0,[Decimal('420.0')],420.0,CHEMBL3355797,O=C(Nc1ccc(Cl)cc1)N1CCN(c2nsc3ccccc23)CC1,chembl,active,
9510.0,9510.0,[Decimal('9510.0')],9510.0,CHEMBL3355798,CC(=O)c1ccc(NC(=O)N2CCN(c3nsc4ccccc34)CC2)cc1,chembl,active,
12200.0,12200.0,[Decimal('12200.0')],12200.0,CHEMBL3355799,O=C(Nc1ccc([N+](=O)[O-])cc1)N1CCN(c2nsc3ccccc23)CC1,chembl,inactive,
12200.0,12200.0,[Decimal('12200.0')],12200.0,CHEMBL3355800,COc1ccc(NC(=O)N2CCN(c3nsc4ccccc34)CC2)cc1,chembl,inactive,
1180.0,1180.0,[Decimal('1180.0')],1180.0,CHEMBL3355801,O=C(NCc1ccccc1)N1CCN(c2nsc3ccccc23)CC1,chembl,active,
3550.0,3550.0,[Decimal('3550.0')],3550.0,CHEMBL3355802,O=C(NCc1ccc(Cl)cc1)N1CCN(c2nsc3ccccc23)CC1,chembl,active,
3900.0,3900.0,[Decimal('3900.0')],3900.0,CHEMBL3355803,S=C(Nc1ccccc1)N1CCN(c2nsc3ccccc23)CC1,chembl,active,
4210.0,4210.0,[Decimal('4210.0')],4210.0,CHEMBL3355804,S=C(Nc1ccc(Cl)cc1)N1CCN(c2nsc3ccccc23)CC1,chembl,active,
8400.0,8400.0,[Decimal('8400.0')],8400.0,CHEMBL3355805,CC(=O)c1ccc(NC(=S)N2CCN(c3nsc4ccccc34)CC2)cc1,chembl,active,
830.0,830.0,[Decimal('830.0')],830.0,CHEMBL3355806,O=[N+]([O-])c1ccc(NC(=S)N2CCN(c3nsc4ccccc34)CC2)cc1,chembl,active,
1050.0,1050.0,[Decimal('1050.0')],1050.0,CHEMBL3355807,COc1ccc(NC(=S)N2CCN(c3nsc4ccccc34)CC2)cc1,chembl,active,
25000.0,25000.0,[Decimal('25000.0')],25000.0,CHEMBL3355808,S=C(NCc1ccccc1)N1CCN(c2nsc3ccccc23)CC1,chembl,inactive,
4400.0,4400.0,[Decimal('4400.0')],4400.0,CHEMBL3355809,S=C(NCc1ccc(Cl)cc1)N1CCN(c2nsc3ccccc23)CC1,chembl,active,
9790.0,9790.0,[Decimal('9790.0')],9790.0,CHEMBL3403242,Cc1cc(N2CCC(NC(=O)Nc3ccccc3)CC2)c2ccccc2n1,chembl,active,
19740.0,19740.0,[Decimal('19740.0')],19740.0,CHEMBL3403243,Cc1cc(N2CCC(NC(=O)Nc3ccc(F)cc3)CC2)c2ccccc2n1,chembl,inactive,
8200.0,8200.0,[Decimal('8200.0')],8200.0,CHEMBL3403244,Cc1cc(N2CCC(NC(=O)Nc3ccc(Cl)cc3)CC2)c2ccccc2n1,chembl,active,
10630.0,10630.0,[Decimal('10630.0')],10630.0,CHEMBL3403245,Cc1cc(N2CCC(NC(=O)Nc3ccc([N+](=O)[O-])cc3)CC2)c2ccccc2n1,chembl,inactive,
14820.0,14820.0,[Decimal('14820.0')],14820.0,CHEMBL3403246,Cc1ccc(NC(=O)NC2CCN(c3cc(C)nc4ccccc34)CC2)cc1,chembl,inactive,
18540.0,18540.0,[Decimal('18540.0')],18540.0,CHEMBL3403247,COc1ccc(NC(=O)NC2CCN(c3cc(C)nc4ccccc34)CC2)cc1,chembl,inactive,
9320.0,9320.0,[Decimal('9320.0')],9320.0,CHEMBL3403248,COc1ccc2nc(C)cc(N3CCC(NC(=O)Nc4ccccc4)CC3)c2c1,chembl,active,
14800.0,14800.0,[Decimal('14800.0')],14800.0,CHEMBL3403249,COc1ccc2nc(C)cc(N3CCC(NC(=O)Nc4ccc(F)cc4)CC3)c2c1,chembl,inactive,
14330.0,14330.0,[Decimal('14330.0')],14330.0,CHEMBL3403250,COc1ccc2nc(C)cc(N3CCC(NC(=O)Nc4ccc(Cl)cc4)CC3)c2c1,chembl,inactive,
5330.0,5330.0,[Decimal('5330.0')],5330.0,CHEMBL3403251,COc1ccc2nc(C)cc(N3CCC(NC(=O)Nc4ccc([N+](=O)[O-])cc4)CC3)c2c1,chembl,active,
8630.0,8630.0,[Decimal('8630.0')],8630.0,CHEMBL3403252,COc1ccc2nc(C)cc(N3CCC(NC(=O)Nc4ccc(C)cc4)CC3)c2c1,chembl,active,
5860.0,5860.0,[Decimal('5860.0')],5860.0,CHEMBL3403253,COc1ccc(NC(=O)NC2CCN(c3cc(C)nc4ccc(OC)cc34)CC2)cc1,chembl,active,
9840.0,9840.0,[Decimal('9840.0')],9840.0,CHEMBL3403254,Cc1cc(N2CCC(NC(=O)Nc3ccccc3)CC2)c2cc(F)ccc2n1,chembl,active,
780.0,780.0,[Decimal('780.0')],780.0,CHEMBL3403255,Cc1cc(N2CCC(NC(=O)Nc3ccc(F)cc3)CC2)c2cc(F)ccc2n1,chembl,active,
29630.0,29630.0,[Decimal('29630.0')],29630.0,CHEMBL3403256,Cc1cc(N2CCC(NC(=O)Nc3ccc(Cl)cc3)CC2)c2cc(F)ccc2n1,chembl,inactive,
2140.0,2140.0,[Decimal('2140.0')],2140.0,CHEMBL3403257,Cc1cc(N2CCC(NC(=O)Nc3ccc([N+](=O)[O-])cc3)CC2)c2cc(F)ccc2n1,chembl,active,
8830.0,8830.0,[Decimal('8830.0')],8830.0,CHEMBL3403258,Cc1ccc(NC(=O)NC2CCN(c3cc(C)nc4ccc(F)cc34)CC2)cc1,chembl,active,
7620.0,7620.0,[Decimal('7620.0')],7620.0,CHEMBL3403259,COc1ccc(NC(=O)NC2CCN(c3cc(C)nc4ccc(F)cc34)CC2)cc1,chembl,active,
8300.0,8300.0,[Decimal('8300.0')],8300.0,CHEMBL3403260,Cc1cc(N2CCC(NC(=O)Nc3ccccc3)CC2)c2cc(C(F)(F)F)ccc2n1,chembl,active,
11800.0,11800.0,[Decimal('11800.0')],11800.0,CHEMBL3403261,Cc1cc(N2CCC(NC(=O)Nc3ccc(F)cc3)CC2)c2cc(C(F)(F)F)ccc2n1,chembl,inactive,
17300.0,17300.0,[Decimal('17300.0')],17300.0,CHEMBL3403262,Cc1cc(N2CCC(NC(=O)Nc3ccc(Cl)cc3)CC2)c2cc(C(F)(F)F)ccc2n1,chembl,inactive,
22300.0,22300.0,[Decimal('22300.0')],22300.0,CHEMBL3403263,Cc1cc(N2CCC(NC(=O)Nc3ccc([N+](=O)[O-])cc3)CC2)c2cc(C(F)(F)F)ccc2n1,chembl,inactive,
9200.0,9200.0,[Decimal('9200.0')],9200.0,CHEMBL3403264,Cc1ccc(NC(=O)NC2CCN(c3cc(C)nc4ccc(C(F)(F)F)cc34)CC2)cc1,chembl,active,
19800.0,19800.0,[Decimal('19800.0')],19800.0,CHEMBL3403265,COc1ccc(NC(=O)NC2CCN(c3cc(C)nc4ccc(C(F)(F)F)cc34)CC2)cc1,chembl,inactive,
9400.0,9400.0,[Decimal('9400.0')],9400.0,CHEMBL3403266,Cc1cc(N2CCC(NC(=S)Nc3ccccc3)CC2)c2ccccc2n1,chembl,active,
16720.0,16720.0,[Decimal('16720.0')],16720.0,CHEMBL3403267,Cc1cc(N2CCC(NC(=S)Nc3ccc(F)cc3)CC2)c2ccccc2n1,chembl,inactive,
8120.0,8120.0,[Decimal('8120.0')],8120.0,CHEMBL3403268,Cc1cc(N2CCC(NC(=S)Nc3ccc(Cl)cc3)CC2)c2ccccc2n1,chembl,active,
1210.0,1210.0,[Decimal('1210.0')],1210.0,CHEMBL3403269,Cc1cc(N2CCC(NC(=S)Nc3ccc([N+](=O)[O-])cc3)CC2)c2ccccc2n1,chembl,active,
2660.0,2660.0,[Decimal('2660.0')],2660.0,CHEMBL3403270,Cc1ccc(NC(=S)NC2CCN(c3cc(C)nc4ccccc34)CC2)cc1,chembl,active,
13510.0,13510.0,[Decimal('13510.0')],13510.0,CHEMBL3403271,COc1ccc(NC(=S)NC2CCN(c3cc(C)nc4ccccc34)CC2)cc1,chembl,inactive,
910.0,910.0,[Decimal('910.0')],910.0,CHEMBL3403272,COc1ccc2nc(C)cc(N3CCC(NC(=S)Nc4ccccc4)CC3)c2c1,chembl,active,
2310.0,2310.0,[Decimal('2310.0')],2310.0,CHEMBL3403273,COc1ccc2nc(C)cc(N3CCC(NC(=S)Nc4ccc(F)cc4)CC3)c2c1,chembl,active,
620.0,620.0,[Decimal('620.0')],620.0,CHEMBL3403274,COc1ccc2nc(C)cc(N3CCC(NC(=S)Nc4ccc(Cl)cc4)CC3)c2c1,chembl,active,
880.0,880.0,[Decimal('880.0')],880.0,CHEMBL3403275,COc1ccc2nc(C)cc(N3CCC(NC(=S)Nc4ccc([N+](=O)[O-])cc4)CC3)c2c1,chembl,active,
7940.0,7940.0,[Decimal('7940.0')],7940.0,CHEMBL3403276,COc1ccc2nc(C)cc(N3CCC(NC(=S)Nc4ccc(C)cc4)CC3)c2c1,chembl,active,
6170.0,6170.0,[Decimal('6170.0')],6170.0,CHEMBL3403277,COc1ccc(NC(=S)NC2CCN(c3cc(C)nc4ccc(OC)cc34)CC2)cc1,chembl,active,
39440.0,39440.0,[Decimal('39440.0')],39440.0,CHEMBL3403278,Cc1cc(N2CCC(NC(=S)Nc3ccccc3)CC2)c2cc(F)ccc2n1,chembl,inactive,
23540.0,23540.0,[Decimal('23540.0')],23540.0,CHEMBL3403279,Cc1cc(N2CCC(NC(=S)Nc3ccc(F)cc3)CC2)c2cc(F)ccc2n1,chembl,inactive,
21500.0,21500.0,[Decimal('21500.0')],21500.0,CHEMBL3403280,Cc1cc(N2CCC(NC(=S)Nc3ccc(Cl)cc3)CC2)c2cc(F)ccc2n1,chembl,inactive,
25500.0,25500.0,[Decimal('25500.0')],25500.0,CHEMBL3400181,Cc1cc(N2CCC(NC(=S)Nc3ccc([N+](=O)[O-])cc3)CC2)c2cc(F)ccc2n1,chembl,inactive,
25410.0,25410.0,[Decimal('25410.0')],25410.0,CHEMBL3403281,Cc1ccc(NC(=S)NC2CCN(c3cc(C)nc4ccc(F)cc34)CC2)cc1,chembl,inactive,
17840.0,17840.0,[Decimal('17840.0')],17840.0,CHEMBL3403282,COc1ccc(NC(=S)NC2CCN(c3cc(C)nc4ccc(F)cc34)CC2)cc1,chembl,inactive,
29400.0,29400.0,[Decimal('29400.0')],29400.0,CHEMBL3403283,Cc1cc(N2CCC(NC(=S)Nc3ccccc3)CC2)c2cc(C(F)(F)F)ccc2n1,chembl,inactive,
22840.0,22840.0,[Decimal('22840.0')],22840.0,CHEMBL3403284,Cc1cc(N2CCC(NC(=S)Nc3ccc(F)cc3)CC2)c2cc(C(F)(F)F)ccc2n1,chembl,inactive,
4120.0,4120.0,[Decimal('4120.0')],4120.0,CHEMBL3403285,Cc1cc(N2CCC(NC(=S)Nc3ccc(Cl)cc3)CC2)c2cc(C(F)(F)F)ccc2n1,chembl,active,
7540.0,7540.0,[Decimal('7540.0')],7540.0,CHEMBL3403286,Cc1cc(N2CCC(NC(=S)Nc3ccc([N+](=O)[O-])cc3)CC2)c2cc(C(F)(F)F)ccc2n1,chembl,active,
5100.0,5100.0,[Decimal('5100.0')],5100.0,CHEMBL3403287,Cc1ccc(NC(=S)NC2CCN(c3cc(C)nc4ccc(C(F)(F)F)cc34)CC2)cc1,chembl,active,
34500.0,34500.0,[Decimal('34500.0')],34500.0,CHEMBL3403288,COc1ccc(NC(=S)NC2CCN(c3cc(C)nc4ccc(C(F)(F)F)cc34)CC2)cc1,chembl,inactive,
173.0,173.0,[Decimal('173.0')],173.0,CHEMBL3608746,O=C1COc2ccc(CNC3CCN(CCn4c(=O)ccc5ccc(Oc6cncnc6)nc54)CC3)nc2N1,chembl,active,
800.0,800.0,[Decimal('800.0')],800.0,CHEMBL3608757,O=C1COc2ccc(CN[C@@H]3CCN(CCn4c(=O)ccc5ncc(Oc6cccnc6)cc54)C[C@@H]3F)nc2N1,chembl,active,
110.0,110.0,[Decimal('110.0')],110.0,CHEMBL3608758,O=C1COc2ccc(CNC3CCN(CCn4c(=O)ccc5ccc(Cl)nc54)CC3)nc2N1,chembl,active,
250.0,250.0,[Decimal('250.0')],250.0,CHEMBL3608759,Cc1ncc(CNC2CCN(CCn3c(=O)ccc4ncc(F)cc43)CC2)cc1Cl,chembl,active,
104.0,104.0,[Decimal('104.0')],104.0,CHEMBL3608760,O=C1COc2ccc(CNC3CCN(CCn4c(=O)ccc5ccc(Oc6cccnc6)nc54)CC3)nc2N1,chembl,active,
7530.0,7530.0,[Decimal('7530.0')],7530.0,CHEMBL3627727,CCOC(=O)c1cnc2ccccc2c1Nc1ccc(OCCCN2CCOCC2)cc1,chembl,active,
13320.0,13320.0,[Decimal('13320.0')],13320.0,CHEMBL3628348,CCOC(=O)c1cnc2ccc(OC)cc2c1Nc1ccc(OCCCN2CCOCC2)cc1,chembl,inactive,
7630.0,7630.0,[Decimal('7630.0')],7630.0,CHEMBL3628349,CCOC(=O)c1cnc2ccc(F)cc2c1Nc1ccc(OCCCN2CCOCC2)cc1,chembl,active,
16420.0,16420.0,[Decimal('16420.0')],16420.0,CHEMBL3628350,CCOC(=O)c1cnc2ccc(C(F)(F)F)cc2c1Nc1ccc(OCCCN2CCOCC2)cc1,chembl,inactive,
8730.0,8730.0,[Decimal('8730.0')],8730.0,CHEMBL3628351,CCOC(=O)c1cnc2ccccc2c1Nc1ccc(NCCCN2CCOCC2)cc1,chembl,active,
9320.0,9320.0,[Decimal('9320.0')],9320.0,CHEMBL3628352,CCOC(=O)c1cnc2ccc(OC)cc2c1Nc1ccc(NCCCN2CCOCC2)cc1,chembl,active,
4610.0,4610.0,[Decimal('4610.0')],4610.0,CHEMBL3628353,CCOC(=O)c1cnc2ccc(F)cc2c1Nc1ccc(NCCCN2CCOCC2)cc1,chembl,active,
3120.0,3120.0,[Decimal('3120.0')],3120.0,CHEMBL3628354,CCOC(=O)c1cnc2ccc(C(F)(F)F)cc2c1Nc1ccc(NCCCN2CCOCC2)cc1,chembl,active,
23920.0,23920.0,[Decimal('23920.0')],23920.0,CHEMBL3628355,CCOC(=O)c1cnc2ccccc2c1Nc1ccc(OCCCN2CCN(CC)CC2)cc1,chembl,inactive,
6850.0,6850.0,[Decimal('6850.0')],6850.0,CHEMBL3628356,CCOC(=O)c1cnc2ccc(OC)cc2c1Nc1ccc(OCCCN2CCN(CC)CC2)cc1,chembl,active,
11830.0,11830.0,[Decimal('11830.0')],11830.0,CHEMBL3628357,CCOC(=O)c1cnc2ccc(F)cc2c1Nc1ccc(OCCCN2CCN(CC)CC2)cc1,chembl,inactive,
690.0,690.0,[Decimal('690.0')],690.0,CHEMBL3628358,CCOC(=O)c1cnc2ccc(C(F)(F)F)cc2c1Nc1ccc(OCCCN2CCN(CC)CC2)cc1,chembl,active,
3250.0,3250.0,[Decimal('3250.0')],3250.0,CHEMBL3628359,CCOC(=O)c1cnc2ccccc2c1Nc1ccc(NCCCN2CCN(CC)CC2)cc1,chembl,active,
8520.0,8520.0,[Decimal('8520.0')],8520.0,CHEMBL3628437,CCOC(=O)c1cnc2ccc(OC)cc2c1Nc1ccc(NCCCN2CCN(CC)CC2)cc1,chembl,active,
7990.0,7990.0,[Decimal('7990.0')],7990.0,CHEMBL3628438,CCOC(=O)c1cnc2ccc(F)cc2c1Nc1ccc(NCCCN2CCN(CC)CC2)cc1,chembl,active,
3770.0,3770.0,[Decimal('3770.0')],3770.0,CHEMBL3628439,CCOC(=O)c1cnc2ccc(C(F)(F)F)cc2c1Nc1ccc(NCCCN2CCN(CC)CC2)cc1,chembl,active,
720.0,720.0,[Decimal('720.0')],720.0,CHEMBL3628440,NNC(=O)c1cnc2ccccc2c1Nc1ccc(OCCCN2CCOCC2)cc1,chembl,active,
10410.0,10410.0,[Decimal('10410.0')],10410.0,CHEMBL3628441,COc1ccc2ncc(C(=O)NN)c(Nc3ccc(OCCCN4CCOCC4)cc3)c2c1,chembl,inactive,
21420.0,21420.0,[Decimal('21420.0')],21420.0,CHEMBL3628442,NNC(=O)c1cnc2ccc(F)cc2c1Nc1ccc(OCCCN2CCOCC2)cc1,chembl,inactive,
19930.0,19930.0,[Decimal('19930.0')],19930.0,CHEMBL3628443,NNC(=O)c1cnc2ccc(C(F)(F)F)cc2c1Nc1ccc(OCCCN2CCOCC2)cc1,chembl,inactive,
22870.0,22870.0,[Decimal('22870.0')],22870.0,CHEMBL3628444,NNC(=O)c1cnc2ccccc2c1Nc1ccc(NCCCN2CCOCC2)cc1,chembl,inactive,
15320.0,15320.0,[Decimal('15320.0')],15320.0,CHEMBL3628445,COc1ccc2ncc(C(=O)NN)c(Nc3ccc(NCCCN4CCOCC4)cc3)c2c1,chembl,inactive,
10550.0,10550.0,[Decimal('10550.0')],10550.0,CHEMBL3628446,NNC(=O)c1cnc2ccc(F)cc2c1Nc1ccc(NCCCN2CCOCC2)cc1,chembl,inactive,
19880.0,19880.0,[Decimal('19880.0')],19880.0,CHEMBL3627728,NNC(=O)c1cnc2ccc(C(F)(F)F)cc2c1Nc1ccc(NCCCN2CCOCC2)cc1,chembl,inactive,
16660.0,16660.0,[Decimal('16660.0')],16660.0,CHEMBL3628447,CCN1CCN(CCCOc2ccc(Nc3c(C(=O)NN)cnc4ccccc34)cc2)CC1,chembl,inactive,
5890.0,5890.0,[Decimal('5890.0')],5890.0,CHEMBL3628448,CCN1CCN(CCCOc2ccc(Nc3c(C(=O)NN)cnc4ccc(OC)cc34)cc2)CC1,chembl,active,
2960.0,2960.0,[Decimal('2960.0')],2960.0,CHEMBL3628449,CCN1CCN(CCCOc2ccc(Nc3c(C(=O)NN)cnc4ccc(F)cc34)cc2)CC1,chembl,active,
9330.0,9330.0,[Decimal('9330.0')],9330.0,CHEMBL3628450,CCN1CCN(CCCOc2ccc(Nc3c(C(=O)NN)cnc4ccc(C(F)(F)F)cc34)cc2)CC1,chembl,active,
9420.0,9420.0,[Decimal('9420.0')],9420.0,CHEMBL3628451,CCN1CCN(CCCNc2ccc(Nc3c(C(=O)NN)cnc4ccccc34)cc2)CC1,chembl,active,
2550.0,2550.0,[Decimal('2550.0')],2550.0,CHEMBL3628452,CCN1CCN(CCCNc2ccc(Nc3c(C(=O)NN)cnc4ccc(OC)cc34)cc2)CC1,chembl,active,
820.0,820.0,[Decimal('820.0')],820.0,CHEMBL3628453,CCN1CCN(CCCNc2ccc(Nc3c(C(=O)NN)cnc4ccc(F)cc34)cc2)CC1,chembl,active,
10950.0,10950.0,[Decimal('10950.0')],10950.0,CHEMBL3628454,CCN1CCN(CCCNc2ccc(Nc3c(C(=O)NN)cnc4ccc(C(F)(F)F)cc34)cc2)CC1,chembl,inactive,
21820.0,21820.0,[Decimal('21820.0')],21820.0,CHEMBL3628455,O=C(O)c1cnc2ccccc2c1Nc1ccc(OCCCN2CCOCC2)cc1,chembl,inactive,
12900.0,12900.0,[Decimal('12900.0')],12900.0,CHEMBL3628456,COc1ccc2ncc(C(=O)O)c(Nc3ccc(OCCCN4CCOCC4)cc3)c2c1,chembl,inactive,
16930.0,16930.0,[Decimal('16930.0')],16930.0,CHEMBL3628457,O=C(O)c1cnc2ccc(F)cc2c1Nc1ccc(OCCCN2CCOCC2)cc1,chembl,inactive,
14330.0,14330.0,[Decimal('14330.0')],14330.0,CHEMBL3628458,O=C(O)c1cnc2ccc(C(F)(F)F)cc2c1Nc1ccc(OCCCN2CCOCC2)cc1,chembl,inactive,
5560.0,5560.0,[Decimal('5560.0')],5560.0,CHEMBL3628459,O=C(O)c1cnc2ccccc2c1Nc1ccc(NCCCN2CCOCC2)cc1,chembl,active,
12550.0,12550.0,[Decimal('12550.0')],12550.0,CHEMBL3628460,COc1ccc2ncc(C(=O)O)c(Nc3ccc(NCCCN4CCOCC4)cc3)c2c1,chembl,inactive,
4440.0,4440.0,[Decimal('4440.0')],4440.0,CHEMBL3628520,O=C(O)c1cnc2ccc(F)cc2c1Nc1ccc(NCCCN2CCOCC2)cc1,chembl,active,
3770.0,3770.0,[Decimal('3770.0')],3770.0,CHEMBL3628521,O=C(O)c1cnc2ccc(C(F)(F)F)cc2c1Nc1ccc(NCCCN2CCOCC2)cc1,chembl,active,
10220.0,10220.0,[Decimal('10220.0')],10220.0,CHEMBL3628522,CCN1CCN(CCCOc2ccc(Nc3c(C(=O)O)cnc4ccccc34)cc2)CC1,chembl,inactive,
630.0,630.0,[Decimal('630.0')],630.0,CHEMBL3628523,CCN1CCN(CCCOc2ccc(Nc3c(C(=O)O)cnc4ccc(OC)cc34)cc2)CC1,chembl,active,
5960.0,5960.0,[Decimal('5960.0')],5960.0,CHEMBL3628524,CCN1CCN(CCCOc2ccc(Nc3c(C(=O)O)cnc4ccc(F)cc34)cc2)CC1,chembl,active,
3540.0,3540.0,[Decimal('3540.0')],3540.0,CHEMBL3628525,CCN1CCN(CCCOc2ccc(Nc3c(C(=O)O)cnc4ccc(C(F)(F)F)cc34)cc2)CC1,chembl,active,
5880.0,5880.0,[Decimal('5880.0')],5880.0,CHEMBL3628526,CCN1CCN(CCCNc2ccc(Nc3c(C(=O)O)cnc4ccccc34)cc2)CC1,chembl,active,
930.0,930.0,[Decimal('930.0')],930.0,CHEMBL3628527,CCN1CCN(CCCNc2ccc(Nc3c(C(=O)O)cnc4ccc(OC)cc34)cc2)CC1,chembl,active,
13520.0,13520.0,[Decimal('13520.0')],13520.0,CHEMBL3741038,COc1cnc2ccc(=O)n(CCN3CCN(C(=O)Nc4ccccc4)CC3)c2c1,chembl,inactive,
11610.0,11610.0,[Decimal('11610.0')],11610.0,CHEMBL3739706,COc1cnc2ccc(=O)n(CCN3CCN(C(=O)Nc4ccc(F)cc4)CC3)c2c1,chembl,inactive,
320.0,320.0,[Decimal('320.0')],320.0,CHEMBL3742062,COc1cnc2ccc(=O)n(CCN3CCN(C(=O)Nc4ccc(Cl)cc4)CC3)c2c1,chembl,active,
19400.0,19400.0,[Decimal('19400.0')],19400.0,CHEMBL3739873,COc1cnc2ccc(=O)n(CCN3CCN(C(=O)Nc4ccc(C(C)=O)cc4)CC3)c2c1,chembl,inactive,
290.0,290.0,[Decimal('290.0')],290.0,CHEMBL3740531,COc1cnc2ccc(=O)n(CCN3CCN(C(=O)Nc4ccc([N+](=O)[O-])cc4)CC3)c2c1,chembl,active,
750.0,750.0,[Decimal('750.0')],750.0,CHEMBL3741294,COc1cnc2ccc(=O)n(CCN3CCN(C(=O)Nc4ccc(Br)cc4)CC3)c2c1,chembl,active,
2680.0,2680.0,[Decimal('2680.0')],2680.0,CHEMBL3740743,COc1cnc2ccc(=O)n(CCN3CCN(C(=O)Nc4ccc(C)cc4)CC3)c2c1,chembl,active,
15410.0,15410.0,[Decimal('15410.0')],15410.0,CHEMBL3740389,COc1cnc2ccc(=O)n(CCN3CCN(C(=S)Nc4ccccc4)CC3)c2c1,chembl,inactive,
14660.0,14660.0,[Decimal('14660.0')],14660.0,CHEMBL3741244,COc1cnc2ccc(=O)n(CCN3CCN(C(=S)Nc4ccc(F)cc4)CC3)c2c1,chembl,inactive,
12840.0,12840.0,[Decimal('12840.0')],12840.0,CHEMBL3741186,COc1cnc2ccc(=O)n(CCN3CCN(C(=S)Nc4ccc(Cl)cc4)CC3)c2c1,chembl,inactive,
16410.0,16410.0,[Decimal('16410.0')],16410.0,CHEMBL3740218,COc1cnc2ccc(=O)n(CCN3CCN(C(=S)Nc4ccc(C(C)=O)cc4)CC3)c2c1,chembl,inactive,
18520.0,18520.0,[Decimal('18520.0')],18520.0,CHEMBL3741129,COc1cnc2ccc(=O)n(CCN3CCN(C(=S)Nc4ccc([N+](=O)[O-])cc4)CC3)c2c1,chembl,inactive,
490.0,490.0,[Decimal('490.0')],490.0,CHEMBL3741396,COc1cnc2ccc(=O)n(CCN3CCN(C(=S)Nc4ccc(Br)cc4)CC3)c2c1,chembl,active,
11460.0,11460.0,[Decimal('11460.0')],11460.0,CHEMBL3739514,COc1cnc2ccc(=O)n(CCN3CCN(C(=S)Nc4ccc(C)cc4)CC3)c2c1,chembl,inactive,
14580.0,14580.0,[Decimal('14580.0')],14580.0,CHEMBL3739698,COc1ccc(CNC(=O)N2CCN(CCn3c(=O)ccc4ncc(OC)cc43)CC2)cc1,chembl,inactive,
920.0,920.0,[Decimal('920.0')],920.0,CHEMBL3740954,COc1cnc2ccc(=O)n(CCN3CCN(C(=O)NCc4ccc(Cl)cc4)CC3)c2c1,chembl,active,
15530.0,15530.0,[Decimal('15530.0')],15530.0,CHEMBL3739437,COc1ccc(CNC(=S)N2CCN(CCn3c(=O)ccc4ncc(OC)cc43)CC2)cc1,chembl,inactive,
950.0,950.0,[Decimal('950.0')],950.0,CHEMBL3740857,COc1cnc2ccc(=O)n(CCN3CCN(C(=S)NCc4ccc(Cl)cc4)CC3)c2c1,chembl,active,
940.0,940.0,[Decimal('940.0')],940.0,CHEMBL3741497,COc1cnc2ccc(=O)n(CCN3CCN(Cc4ccccc4)CC3)c2c1,chembl,active,
810.0,810.0,[Decimal('810.0')],810.0,CHEMBL3740159,COc1cnc2ccc(=O)n(CCN3CCN(Cc4ccc(Cl)cc4)CC3)c2c1,chembl,active,
910.0,910.0,[Decimal('910.0')],910.0,CHEMBL3742364,COc1cnc2ccc(=O)n(CCN3CCN(Cc4ccc(F)cc4)CC3)c2c1,chembl,active,
1340.0,1340.0,[Decimal('1340.0')],1340.0,CHEMBL3741477,COc1ccc(CN2CCN(CCn3c(=O)ccc4ncc(OC)cc43)CC2)cc1,chembl,active,
980.0,980.0,[Decimal('980.0')],980.0,CHEMBL3739454,COc1cnc2ccc(=O)n(CCN3CCN(Cc4ccc([N+](=O)[O-])cc4)CC3)c2c1,chembl,active,
6440.0,6440.0,[Decimal('6440.0')],6440.0,CHEMBL3741142,COc1cnc2ccc(=O)n(CCN3CCN(Cc4ccc(Br)cc4)CC3)c2c1,chembl,active,
5860.0,5860.0,[Decimal('5860.0')],5860.0,CHEMBL3752188,Cc1ccc2nc3ccccc3c(Nc3ccc(NS(=O)(=O)c4ccccc4)cc3)c2c1,chembl,active,
5210.0,5210.0,[Decimal('5210.0')],5210.0,CHEMBL3752152,Cc1ccc2nc3ccccc3c(Nc3ccc(NS(=O)(=O)c4ccc(Cl)cc4)cc3)c2c1,chembl,active,
8340.0,8340.0,[Decimal('8340.0')],8340.0,CHEMBL3754554,Cc1ccc2nc3ccccc3c(Nc3ccc(NS(=O)(=O)c4ccc([N+](=O)[O-])cc4)cc3)c2c1,chembl,active,
9800.0,9800.0,[Decimal('9800.0')],9800.0,CHEMBL3753841,Cc1ccc(S(=O)(=O)Nc2ccc(Nc3c4ccccc4nc4ccc(C)cc34)cc2)cc1,chembl,active,
9200.0,9200.0,[Decimal('9200.0')],9200.0,CHEMBL3752724,O=S(=O)(Nc1ccc(Nc2c3ccccc3nc3ccc(Cl)cc23)cc1)c1ccccc1,chembl,active,
12400.0,12400.0,[Decimal('12400.0')],12400.0,CHEMBL3753557,O=S(=O)(Nc1ccc(Nc2c3ccccc3nc3ccc(Cl)cc23)cc1)c1ccc(Cl)cc1,chembl,inactive,
8100.0,8100.0,[Decimal('8100.0')],8100.0,CHEMBL3752450,O=[N+]([O-])c1ccc(S(=O)(=O)Nc2ccc(Nc3c4ccccc4nc4ccc(Cl)cc34)cc2)cc1,chembl,active,
22800.0,22800.0,[Decimal('22800.0')],22800.0,CHEMBL3753399,Cc1ccc(S(=O)(=O)Nc2ccc(Nc3c4ccccc4nc4ccc(Cl)cc34)cc2)cc1,chembl,inactive,
23800.0,23800.0,[Decimal('23800.0')],23800.0,CHEMBL3752604,O=S(=O)(Nc1ccc(Nc2c3ccccc3nc3ccccc23)cc1)c1ccc(Cl)cc1,chembl,inactive,
22400.0,22400.0,[Decimal('22400.0')],22400.0,CHEMBL3753115,O=[N+]([O-])c1ccc(S(=O)(=O)Nc2ccc(Nc3c4ccccc4nc4ccccc34)cc2)cc1,chembl,inactive,
9300.0,9300.0,[Decimal('9300.0')],9300.0,CHEMBL3752318,Cc1ccc(S(=O)(=O)Nc2ccc(Nc3c4ccccc4nc4ccccc34)cc2)cc1,chembl,active,
6300.0,6300.0,[Decimal('6300.0')],6300.0,CHEMBL3754465,Cc1ccc2nc3ccccc3c(Nc3ccc(NC(=S)Nc4ccccc4)cc3)c2c1,chembl,active,
11200.0,11200.0,[Decimal('11200.0')],11200.0,CHEMBL3753770,Cc1ccc2nc3ccccc3c(Nc3ccc(NC(=S)Nc4ccc(Cl)cc4)cc3)c2c1,chembl,inactive,
24800.0,24800.0,[Decimal('24800.0')],24800.0,CHEMBL3753521,Cc1ccc2nc3ccccc3c(Nc3ccc(NC(=S)Nc4ccc([N+](=O)[O-])cc4)cc3)c2c1,chembl,inactive,
26900.0,26900.0,[Decimal('26900.0')],26900.0,CHEMBL3753765,Cc1ccc(NC(=S)Nc2ccc(Nc3c4ccccc4nc4ccc(C)cc34)cc2)cc1,chembl,inactive,
29300.0,29300.0,[Decimal('29300.0')],29300.0,CHEMBL3752104,S=C(Nc1ccccc1)Nc1ccc(Nc2c3ccccc3nc3ccc(Cl)cc23)cc1,chembl,inactive,
31500.0,31500.0,[Decimal('31500.0')],31500.0,CHEMBL3751975,S=C(Nc1ccc(Cl)cc1)Nc1ccc(Nc2c3ccccc3nc3ccc(Cl)cc23)cc1,chembl,inactive,
28800.0,28800.0,[Decimal('28800.0')],28800.0,CHEMBL3752396,O=[N+]([O-])c1ccc(NC(=S)Nc2ccc(Nc3c4ccccc4nc4ccc(Cl)cc34)cc2)cc1,chembl,inactive,
33900.0,33900.0,[Decimal('33900.0')],33900.0,CHEMBL3754162,Cc1ccc(NC(=S)Nc2ccc(Nc3c4ccccc4nc4ccc(Cl)cc34)cc2)cc1,chembl,inactive,
8200.0,8200.0,[Decimal('8200.0')],8200.0,CHEMBL3754757,S=C(Nc1ccccc1)Nc1ccc(Nc2c3ccccc3nc3ccccc23)cc1,chembl,active,
8400.0,8400.0,[Decimal('8400.0')],8400.0,CHEMBL3752620,S=C(Nc1ccc(Cl)cc1)Nc1ccc(Nc2c3ccccc3nc3ccccc23)cc1,chembl,active,
13100.0,13100.0,[Decimal('13100.0')],13100.0,CHEMBL3752361,O=[N+]([O-])c1ccc(NC(=S)Nc2ccc(Nc3c4ccccc4nc4ccccc34)cc2)cc1,chembl,inactive,
31100.0,31100.0,[Decimal('31100.0')],31100.0,CHEMBL3754614,Cc1ccc(NC(=S)Nc2ccc(Nc3c4ccccc4nc4ccccc34)cc2)cc1,chembl,inactive,
22100.0,22100.0,[Decimal('22100.0')],22100.0,CHEMBL3752568,Cc1ccc2nc3ccccc3c(Nc3ccc(NC(=O)Nc4ccccc4)cc3)c2c1,chembl,inactive,
11400.0,11400.0,[Decimal('11400.0')],11400.0,CHEMBL3753253,Cc1ccc2nc3ccccc3c(Nc3ccc(NC(=O)Nc4ccc(Cl)cc4)cc3)c2c1,chembl,inactive,
7400.0,7400.0,[Decimal('7400.0')],7400.0,CHEMBL3752277,Cc1ccc2nc3ccccc3c(Nc3ccc(NC(=O)Nc4ccc([N+](=O)[O-])cc4)cc3)c2c1,chembl,active,
29600.0,29600.0,[Decimal('29600.0')],29600.0,CHEMBL3753968,Cc1ccc(NC(=O)Nc2ccc(Nc3c4ccccc4nc4ccc(C)cc34)cc2)cc1,chembl,inactive,
23600.0,23600.0,[Decimal('23600.0')],23600.0,CHEMBL3752017,O=C(Nc1ccccc1)Nc1ccc(Nc2c3ccccc3nc3ccc(Cl)cc23)cc1,chembl,inactive,
11800.0,11800.0,[Decimal('11800.0')],11800.0,CHEMBL3754374,O=C(Nc1ccc(Cl)cc1)Nc1ccc(Nc2c3ccccc3nc3ccc(Cl)cc23)cc1,chembl,inactive,
7300.0,7300.0,[Decimal('7300.0')],7300.0,CHEMBL3754191,O=C(Nc1ccc(Nc2c3ccccc3nc3ccc(Cl)cc23)cc1)Nc1ccc([N+](=O)[O-])cc1,chembl,active,
12500.0,12500.0,[Decimal('12500.0')],12500.0,CHEMBL3751882,Cc1ccc(NC(=O)Nc2ccc(Nc3c4ccccc4nc4ccc(Cl)cc34)cc2)cc1,chembl,inactive,
10400.0,10400.0,[Decimal('10400.0')],10400.0,CHEMBL3753342,O=C(Nc1ccc(Cl)cc1)Nc1ccc(Nc2c3ccccc3nc3ccccc23)cc1,chembl,inactive,
26800.0,26800.0,[Decimal('26800.0')],26800.0,CHEMBL3753644,O=C(Nc1ccc(Nc2c3ccccc3nc3ccccc23)cc1)Nc1ccc([N+](=O)[O-])cc1,chembl,inactive,
13100.0,13100.0,[Decimal('13100.0')],13100.0,CHEMBL3753099,Cc1ccc(NC(=O)Nc2ccc(Nc3c4ccccc4nc4ccccc34)cc2)cc1,chembl,inactive,
29000.0,29000.0,[Decimal('29000.0')],29000.0,CHEMBL3752020,COc1cccc(-c2nc3ccc(-c4ccc5nc(-c6cccc(OC)c6)[nH]c5c4)cc3[nH]2)c1,chembl,inactive,
2000.0,2000.0,[Decimal('2000.0')],2000.0,CHEMBL3753934,Cc1ccc(-c2nc3ccc(-c4ccc5nc(-c6ccc(C)cc6)[nH]c5c4)cc3[nH]2)cc1,chembl,active,
2590.0,2590.0,[Decimal('2590.0')],2590.0,CHEMBL3883228,O=c1nc(N2CCN(C(=S)Nc3ccc([N+](=O)[O-])cc3)CC2)sc2ccc([N+](=O)[O-])cc12,chembl,active,
48600.0,48600.0,[Decimal('48600.0')],48600.0,CHEMBL3883348,COc1ccc2c(c1)C(=O)C(=O)N2CCN1CCN(NCc2cccc(Cl)c2Cl)CC1,chembl,inactive,
10950.0,10950.0,[Decimal('10950.0')],10950.0,CHEMBL3883371,O=C(Nc1ccccc1)N1CCN(c2nc(=O)c3cc(C(F)(F)F)ccc3s2)CC1,chembl,inactive,
820.0,820.0,[Decimal('820.0')],820.0,CHEMBL3883383,Cc1ccc(NC(=S)N2CCN(c3nc(=O)c4cc([N+](=O)[O-])ccc4s3)CC2)cc1,chembl,active,
23710.0,23710.0,[Decimal('23710.0')],23710.0,CHEMBL3883395,O=C(Nc1ccc(Cl)cc1)N1CCN(c2nc(=O)c3cc([N+](=O)[O-])ccc3s2)CC1,chembl,inactive,
50000.0,50000.0,[Decimal('50000.0')],50000.0,CHEMBL3883464,COc1ccc2c(c1)C(=O)C(=O)N2CCN1CCN(NCc2ccc([N+](=O)[O-])o2)CC1,chembl,inactive,
50000.0,50000.0,[Decimal('50000.0')],50000.0,CHEMBL3883475,O=C1C(=O)N(CCN2CCN(NCc3ccc(Cl)cc3Cl)CC2)c2ccc(Cl)cc21,chembl,inactive,
2620.0,2620.0,[Decimal('2620.0')],2620.0,CHEMBL3883490,Cc1ccc(NC(=O)N2CCN(c3nc(=O)c4cc(Cl)ccc4s3)CC2)cc1,chembl,active,
50000.0,50000.0,[Decimal('50000.0')],50000.0,CHEMBL3883568,COc1ccccc1CNN1CCN(CCN2C(=O)C(=O)c3ccccc32)CC1,chembl,inactive,
48900.0,48900.0,[Decimal('48900.0')],48900.0,CHEMBL3883577,Cc1ccc2c(c1)C(=O)C(=O)N2CCN1CCN(NCc2ccc(Cl)cc2Cl)CC1,chembl,inactive,
40300.0,40300.0,[Decimal('40300.0')],40300.0,CHEMBL3883607,O=C1C(=O)N(CCN2CCN(NCc3ccc(Cl)cc3Cl)CC2)c2ccccc21,chembl,inactive,
4230.0,4230.0,[Decimal('4230.0')],4230.0,CHEMBL3883656,O=c1nc(N2CCN(C(=S)Nc3ccc(Cl)cc3)CC2)sc2ccc(C(F)(F)F)cc12,chembl,active,
510.0,510.0,[Decimal('510.0')],510.0,CHEMBL3883797,O=c1nc(N2CCN(C(=S)Nc3ccc(Cl)cc3)CC2)sc2ccc([N+](=O)[O-])cc12,chembl,active,
50000.0,50000.0,[Decimal('50000.0')],50000.0,CHEMBL3883809,Cc1ccc2c(c1)C(=O)C(=O)N2CCN1CCN(NCc2ccccc2C(F)(F)F)CC1,chembl,inactive,
4600.0,4600.0,[Decimal('4600.0')],4600.0,CHEMBL3883815,O=C1C(=O)N(CCN2CCN(NCc3ccc([N+](=O)[O-])o3)CC2)c2ccccc21,chembl,active,
9110.0,9110.0,[Decimal('9110.0')],9110.0,CHEMBL3883968,O=C(Nc1ccc([N+](=O)[O-])cc1)N1CCN(c2nc(=O)c3cc([N+](=O)[O-])ccc3s2)CC1,chembl,active,
43100.0,43100.0,[Decimal('43100.0')],43100.0,CHEMBL3884003,Cc1ccc2c(c1)C(=O)C(=O)N2CCN1CCN(NCc2cccc(Cl)c2Cl)CC1,chembl,inactive,
4900.0,4900.0,[Decimal('4900.0')],4900.0,CHEMBL3884024,O=C1C(=O)N(CCN2CCN(NCc3ccccc3C(F)(F)F)CC2)c2ccc(Cl)cc21,chembl,active,
24200.0,24200.0,[Decimal('24200.0')],24200.0,CHEMBL3884055,O=C1C(=O)N(CCN2CCN(NCc3ccc(Cl)cc3Cl)CC2)c2ccc(F)cc21,chembl,inactive,
21540.0,21540.0,[Decimal('21540.0')],21540.0,CHEMBL3884085,Cc1ccc(CN2CCN(c3nc(=O)c4cc(Cl)ccc4s3)CC2)cc1,chembl,inactive,
50000.0,50000.0,[Decimal('50000.0')],50000.0,CHEMBL3884125,COc1ccc2c(c1)C(=O)C(=O)N2CCN1CCN(NCc2ccccc2F)CC1,chembl,inactive,
50000.0,50000.0,[Decimal('50000.0')],50000.0,CHEMBL3884147,COc1ccccc1CNN1CCN(CCN2C(=O)C(=O)c3cc(Cl)ccc32)CC1,chembl,inactive,
4100.0,4100.0,[Decimal('4100.0')],4100.0,CHEMBL3884153,COc1ccc2c(c1)C(=O)C(=O)N2CCN1CCN(NCc2ccc(Cl)cc2Cl)CC1,chembl,active,
7330.0,7330.0,[Decimal('7330.0')],7330.0,CHEMBL3884175,O=c1nc(N2CCN(Cc3ccc([N+](=O)[O-])cc3)CC2)sc2ccc(Cl)cc12,chembl,active,
26450.0,26450.0,[Decimal('26450.0')],26450.0,CHEMBL3884186,O=C(Nc1ccc([N+](=O)[O-])cc1)N1CCN(c2nc(=O)c3cc(C(F)(F)F)ccc3s2)CC1,chembl,inactive,
50000.0,50000.0,[Decimal('50000.0')],50000.0,CHEMBL3884205,O=C1C(=O)N(CCN2CCN(NCc3ccc([N+](=O)[O-])o3)CC2)c2ccc(F)cc21,chembl,inactive,
10930.0,10930.0,[Decimal('10930.0')],10930.0,CHEMBL3884207,O=c1nc(N2CCN(C(=S)Nc3ccccc3)CC2)sc2ccc(Cl)cc12,chembl,inactive,
200000.0,200000.0,[Decimal('200000.0')],200000.0,CHEMBL3884255,Cc1cc(O)c2c(c1)C(O)CCC2=O,chembl,inactive,
2160.0,2160.0,[Decimal('2160.0')],2160.0,CHEMBL3884259,O=c1nc(N2CCN(C(=S)Nc3ccc([N+](=O)[O-])cc3)CC2)sc2ccc(C(F)(F)F)cc12,chembl,active,
39100.0,39100.0,[Decimal('39100.0')],39100.0,CHEMBL3884284,COc1ccc2c(c1)C(=O)C(=O)N2CCN1CCN(NCc2ccccc2C(F)(F)F)CC1,chembl,inactive,
23860.0,23860.0,[Decimal('23860.0')],23860.0,CHEMBL3884288,O=C1C(=O)N(CCN2CCN(NCc3ccc([N+](=O)[O-])o3)CC2)c2ccc(Cl)cc21,chembl,inactive,
50000.0,50000.0,[Decimal('50000.0')],50000.0,CHEMBL3884309,Cc1ccc2c(c1)C(=O)C(=O)N2CCN1CCN(NCc2ccccc2F)CC1,chembl,inactive,
10520.0,10520.0,[Decimal('10520.0')],10520.0,CHEMBL3884331,O=C(Nc1ccc(Cl)cc1)N1CCN(c2nc(=O)c3cc(C(F)(F)F)ccc3s2)CC1,chembl,inactive,
42300.0,42300.0,[Decimal('42300.0')],42300.0,CHEMBL3884510,O=C1C(=O)N(CCN2CCN(NCc3ccccc3OCc3ccccc3)CC2)c2ccc(F)cc21,chembl,inactive,
17510.0,17510.0,[Decimal('17510.0')],17510.0,CHEMBL3884530,O=C(Nc1ccccc1)N1CCN(c2nc(=O)c3cc(Cl)ccc3s2)CC1,chembl,inactive,
11560.0,11560.0,[Decimal('11560.0')],11560.0,CHEMBL3884553,Cc1ccc(NC(=S)N2CCN(c3nc(=O)c4cc(Cl)ccc4s3)CC2)cc1,chembl,inactive,
50000.0,50000.0,[Decimal('50000.0')],50000.0,CHEMBL3884556,COc1ccccc1CNN1CCN(CCN2C(=O)C(=O)c3cc(F)ccc32)CC1,chembl,inactive,
6230.0,6230.0,[Decimal('6230.0')],6230.0,CHEMBL3884595,O=c1nc(N2CCN(C(=S)Nc3ccc([N+](=O)[O-])cc3)CC2)sc2ccc(Cl)cc12,chembl,active,
11520.0,11520.0,[Decimal('11520.0')],11520.0,CHEMBL3884646,O=c1nc(N2CCN(Cc3ccccc3)CC2)sc2ccc(C(F)(F)F)cc12,chembl,inactive,
3860.0,3860.0,[Decimal('3860.0')],3860.0,CHEMBL3884648,O=c1nc(N2CCN(Cc3ccc(Cl)cc3)CC2)sc2ccc(C(F)(F)F)cc12,chembl,active,
50000.0,50000.0,[Decimal('50000.0')],50000.0,CHEMBL3884660,O=C1C(=O)N(CCN2CCN(NCc3ccccc3)CC2)c2ccc(F)cc21,chembl,inactive,
4800.0,4800.0,[Decimal('4800.0')],4800.0,CHEMBL3884677,O=C1C(=O)N(CCN2CCN(NCc3cccc(Cl)c3Cl)CC2)c2ccccc21,chembl,active,
17640.0,17640.0,[Decimal('17640.0')],17640.0,CHEMBL3884678,O=c1nc(N2CCN(Cc3ccccc3)CC2)sc2ccc(Cl)cc12,chembl,inactive,
4200.0,4200.0,[Decimal('4200.0')],4200.0,CHEMBL3884702,O=C1C(=O)N(CCN2CCN(NCc3ccccc3F)CC2)c2ccc(F)cc21,chembl,active,
36500.0,36500.0,[Decimal('36500.0')],36500.0,CHEMBL3884713,COc1ccc2c(c1)C(=O)C(=O)N2CCN1CCN(NCc2ccccc2OCc2ccccc2)CC1,chembl,inactive,
5260.0,5260.0,[Decimal('5260.0')],5260.0,CHEMBL3884730,Cc1ccc(NC(=O)N2CCN(c3nc(=O)c4cc(C(F)(F)F)ccc4s3)CC2)cc1,chembl,active,
830.0,830.0,[Decimal('830.0')],830.0,CHEMBL3884752,O=c1nc(N2CCN(C(=S)Nc3ccccc3)CC2)sc2ccc(C(F)(F)F)cc12,chembl,active,
3210.0,3210.0,[Decimal('3210.0')],3210.0,CHEMBL3884761,O=c1nc(N2CCN(Cc3ccccc3)CC2)sc2ccc([N+](=O)[O-])cc12,chembl,active,
10000.0,10000.0,[Decimal('10000.0')],10000.0,CHEMBL3884787,Cc1ccc2c(c1)C(=O)C(=O)N2CCN1CCN(NCc2ccccc2OCc2ccccc2)CC1,chembl,inactive,
10460.0,10460.0,[Decimal('10460.0')],10460.0,CHEMBL3884806,O=C(Nc1ccc(Cl)cc1)N1CCN(c2nc(=O)c3cc(Cl)ccc3s2)CC1,chembl,inactive,
50000.0,50000.0,[Decimal('50000.0')],50000.0,CHEMBL3884854,O=C1C(=O)N(CCN2CCN(NCc3ccccc3)CC2)c2ccccc21,chembl,inactive,
11630.0,11630.0,[Decimal('11630.0')],11630.0,CHEMBL3884879,Cc1ccc(CN2CCN(c3nc(=O)c4cc(C(F)(F)F)ccc4s3)CC2)cc1,chembl,inactive,
43600.0,43600.0,[Decimal('43600.0')],43600.0,CHEMBL3884900,O=C1C(=O)N(CCN2CCN(NCc3ccccc3F)CC2)c2ccccc21,chembl,inactive,
25600.0,25600.0,[Decimal('25600.0')],25600.0,CHEMBL3884913,O=C1C(=O)N(CCN2CCN(NCc3cccc(Cl)c3Cl)CC2)c2ccc(Cl)cc21,chembl,inactive,
4210.0,4210.0,[Decimal('4210.0')],4210.0,CHEMBL3884925,O=c1nc(N2CCN(Cc3ccc([N+](=O)[O-])cc3)CC2)sc2ccc([N+](=O)[O-])cc12,chembl,active,
770.0,770.0,[Decimal('770.0')],770.0,CHEMBL3884935,O=c1nc(N2CCN(C(=S)Nc3ccccc3)CC2)sc2ccc([N+](=O)[O-])cc12,chembl,active,
4510.0,4510.0,[Decimal('4510.0')],4510.0,CHEMBL3884962,Cc1ccc(NC(=S)N2CCN(c3nc(=O)c4cc(C(F)(F)F)ccc4s3)CC2)cc1,chembl,active,
9620.0,9620.0,[Decimal('9620.0')],9620.0,CHEMBL3885023,Cc1ccc(NC(=O)N2CCN(c3nc(=O)c4cc([N+](=O)[O-])ccc4s3)CC2)cc1,chembl,active,
48600.0,48600.0,[Decimal('48600.0')],48600.0,CHEMBL3885052,COc1ccc2c(c1)C(=O)C(=O)N2CCN1CCN(NCc2ccccc2OC)CC1,chembl,inactive,
50000.0,50000.0,[Decimal('50000.0')],50000.0,CHEMBL3885104,O=C1C(=O)N(CCN2CCN(NCc3cccc(Cl)c3Cl)CC2)c2ccc(F)cc21,chembl,inactive,
16840.0,16840.0,[Decimal('16840.0')],16840.0,CHEMBL3885136,O=C(Nc1ccccc1)N1CCN(c2nc(=O)c3cc([N+](=O)[O-])ccc3s2)CC1,chembl,inactive,
3600.0,3600.0,[Decimal('3600.0')],3600.0,CHEMBL3885169,O=C1C(=O)N(CCN2CCN(NCc3ccccc3C(F)(F)F)CC2)c2ccc(F)cc21,chembl,active,
50000.0,50000.0,[Decimal('50000.0')],50000.0,CHEMBL3885185,Cc1ccc2c(c1)C(=O)C(=O)N2CCN1CCN(NCc2ccc([N+](=O)[O-])o2)CC1,chembl,inactive,
50000.0,50000.0,[Decimal('50000.0')],50000.0,CHEMBL3885192,Cc1ccc2c(c1)C(=O)C(=O)N2CCN1CCN(NCc2ccccc2)CC1,chembl,inactive,
3680.0,3680.0,[Decimal('3680.0')],3680.0,CHEMBL3885216,O=c1nc(N2CCN(Cc3ccc(Cl)cc3)CC2)sc2ccc([N+](=O)[O-])cc12,chembl,active,
50000.0,50000.0,[Decimal('50000.0')],50000.0,CHEMBL3885226,O=C1C(=O)N(CCN2CCN(NCc3ccccc3F)CC2)c2ccc(Cl)cc21,chembl,inactive,
3800.0,3800.0,[Decimal('3800.0')],3800.0,CHEMBL3885251,O=C1C(=O)N(CCN2CCN(NCc3ccccc3OCc3ccccc3)CC2)c2ccc(Cl)cc21,chembl,active,
4610.0,4610.0,[Decimal('4610.0')],4610.0,CHEMBL3885263,O=C(Nc1ccc([N+](=O)[O-])cc1)N1CCN(c2nc(=O)c3cc(Cl)ccc3s2)CC1,chembl,active,
12110.0,12110.0,[Decimal('12110.0')],12110.0,CHEMBL3885269,O=c1nc(N2CCN(Cc3ccc(Cl)cc3)CC2)sc2ccc(Cl)cc12,chembl,inactive,
10000.0,10000.0,[Decimal('10000.0')],10000.0,CHEMBL3885289,O=C1C(=O)N(CCN2CCN(NCc3ccccc3OCc3ccccc3)CC2)c2ccccc21,chembl,inactive,
6860.0,6860.0,[Decimal('6860.0')],6860.0,CHEMBL3885295,O=c1nc(N2CCN(C(=S)Nc3ccc(Cl)cc3)CC2)sc2ccc(Cl)cc12,chembl,active,
5000.0,5000.0,[Decimal('5000.0')],5000.0,CHEMBL3885298,COc1ccccc1CNN1CCN(CCN2C(=O)C(=O)c3cc(C)ccc32)CC1,chembl,active,
25000.0,25000.0,[Decimal('25000.0')],25000.0,CHEMBL3885381,O=C1C(=O)N(CCN2CCN(NCc3ccccc3C(F)(F)F)CC2)c2ccccc21,chembl,inactive,
50000.0,50000.0,[Decimal('50000.0')],50000.0,CHEMBL3885407,O=C1C(=O)N(CCN2CCN(NCc3ccccc3)CC2)c2ccc(Cl)cc21,chembl,inactive,
4550.0,4550.0,[Decimal('4550.0')],4550.0,CHEMBL3885427,O=c1nc(N2CCN(Cc3ccc([N+](=O)[O-])cc3)CC2)sc2ccc(C(F)(F)F)cc12,chembl,active,
48200.0,48200.0,[Decimal('48200.0')],48200.0,CHEMBL3885446,COc1ccc2c(c1)C(=O)C(=O)N2CCN1CCN(NCc2ccccc2)CC1,chembl,inactive,
8930.0,8930.0,[Decimal('8930.0')],8930.0,CHEMBL3885470,Cc1ccc(CN2CCN(c3nc(=O)c4cc([N+](=O)[O-])ccc4s3)CC2)cc1,chembl,active,
294096.5,294096.5,[Decimal('294096.5')],294096.5,CHEMBL4237298,COc1ccc2c(c1)nc(-c1ccc3c(c1)OCO3)n2Cc1ccc2c(c1)OCO2,chembl,inactive,
5.0,25.0,"[Decimal('5.0'), Decimal('25.0')]",15.0,CHEMBL4238919,CNc1cc(F)cc2c1[nH]c1nc(CNC(=O)c3cocn3)nc(N3CCC(N)C3)c12,chembl,active,
85736.0,85736.0,[Decimal('85736.0')],85736.0,CHEMBL4239753,c1ccc2c(c1)nc(-c1ccc3c(c1)OCO3)n2Cc1ccc2c(c1)OCO2,chembl,inactive,
379648.7,379648.7,[Decimal('379648.7')],379648.7,CHEMBL4243541,COc1ccc2[nH]c(-c3ccc(F)cc3)nc2c1,chembl,inactive,
10.0,59.0,"[Decimal('10.0'), Decimal('59.0')]",34.5,CHEMBL4250651,CNc1cc(F)cc2c1[nH]c1nc(CNC(=O)c3cnco3)nc(N3CCC(N)C3)c12,chembl,active,
358288.0,358288.0,[Decimal('358288.0')],358288.0,CHEMBL4251156,COc1ccc2c(c1)nc(-c1ccccc1OC)n2Cc1ccccc1OC,chembl,inactive,
50000.0,50000.0,[Decimal('50000.0')],50000.0,CHEMBL4439530,O=C1Nc2ccc(Cl)cc2/C1=N/NC(=O)c1cc2ccccc2o1,chembl,inactive,
50000.0,50000.0,[Decimal('50000.0')],50000.0,CHEMBL4442121,O=C1Nc2ccc([N+](=O)[O-])cc2/C1=N/NC(=O)c1cc2ccccc2o1,chembl,inactive,
91300.0,91300.0,[Decimal('91300.0')],91300.0,CHEMBL4443084,COc1cc2c(=O)c(C(=O)O)c[nH]c2c2nnn(C)c12,chembl,inactive,
50000.0,50000.0,[Decimal('50000.0')],50000.0,CHEMBL4451227,O=C(N/N=C1\C(=O)N(c2ccccc2)c2ccccc21)c1cc2ccccc2o1,chembl,inactive,
50000.0,50000.0,[Decimal('50000.0')],50000.0,CHEMBL4467567,O=C1Nc2ccc(F)cc2/C1=N/NC(=O)c1cc2cc([N+](=O)[O-])ccc2o1,chembl,inactive,
28200.0,28200.0,[Decimal('28200.0')],28200.0,CHEMBL4545571,CCOc1cc2c(=O)c(C(=O)O)cn(C)c2c2nnn(C)c12,chembl,inactive,
50000.0,50000.0,[Decimal('50000.0')],50000.0,CHEMBL4576950,Cc1ccc2c(c1)/C(=N/NC(=O)c1cc3ccccc3o1)C(=O)N2,chembl,inactive,
27600.0,27600.0,[Decimal('27600.0')],27600.0,CHEMBL4580793,COc1cc2c(=O)c(C(=O)O)cn(C)c2c2nnn(C)c12,chembl,inactive,
5.0,7990.0,"[5, 7990]",3997.5,50117914,COc1c(N2CCNC(C)C2)c(F)cc2c1n(cc(C(O)=O)c2=O)C1CC1,bindingpdb,active,0.7058823529411765
48400.0,48400.0,[48400],48400.0,50490565,CCOC(=O)C1CN(CCN1)c1c(F)cc2c(c1OC)n(cc(C(O)=O)c2=O)C1CC1,bindingpdb,inactive,0.631578947368421
53200.0,53200.0,[53200],53200.0,50490566,OC(=O)C1CN(CCN1)c1cc2n(cc(C(O)=O)c(=O)c2cc1F)C1CC1,bindingpdb,inactive,0.75
39400.0,39400.0,[39400],39400.0,50490567,COc1c(N2CCNC(C2)C(O)=O)c(F)cc2c1n(cc(C(O)=O)c2=O)C1CC1,bindingpdb,inactive,0.6857142857142857
118000.0,118000.0,[118000],118000.0,50490568,CCN1CCN(CC1C(O)=O)c1cc2n(cc(C(O)=O)c(=O)c2cc1F)C1CC1,bindingpdb,inactive,0.639344262295082
66900.0,66900.0,[66900],66900.0,50490569,CCOC(=O)C1CN(CCN1)c1cc2n(cc(C(O)=O)c(=O)c2cc1F)C1CC1,bindingpdb,inactive,0.65625
200000.0,200000.0,[200000],200000.0,50490570,CCN1CCN(CC1C(O)=O)c1c(F)cc2c(c1OC)n(cc(C(O)=O)c2=O)C1CC1,bindingpdb,inactive,0.6081081081081081
101000.0,101000.0,[101000],101000.0,50490571,CCN(CC)C(=O)OCC1CN(CCN1)c1c(F)cc2c(c1OC)n(cc(C(O)=O)c2=O)C1CC1,bindingpdb,inactive,0.5925925925925926
575000.0,575000.0,[575000],575000.0,50490572,CCN(CC)C(=O)OCC1CN(CCN1)c1cc2n(cc(C(O)=O)c(=O)c2cc1F)C1CC1,bindingpdb,inactive,0.6086956521739131
34600.0,34600.0,[34600],34600.0,50490573,CCCCNC(=O)OCC1CN(CCN1)c1c(F)cc2c(c1OC)n(cc(C(O)=O)c2=O)C1CC1,bindingpdb,inactive,0.5647058823529412
65100.0,65100.0,[65100],65100.0,50490574,CCCCNC(=O)OCC1CN(CCN1)c1cc2n(cc(C(O)=O)c(=O)c2cc1F)C1CC1,bindingpdb,inactive,0.5972222222222222
6.0,6.0,[6],6.0,50516944,CO\N=C1\C(=O)N(Cc2cn(CC(=O)N3CCC[C@@H]4CN(C[C@H]34)c3c(F)cc4c(c3OC)n(cc(C(O)=O)c4=O)C3CC3)nn2)c2ccccc12,bindingpdb,active,0.4807692307692308
8.0,8.0,[8],8.0,50516945,COc1c(N2C[C@H]3CCCN([C@H]3C2)C(=O)Cn2cc(CN3C(=O)\C(=N\NC(N)=S)c4cc(F)ccc34)nn2)c(F)cc2c1n(cc(C(O)=O)c2=O)C1CC1,bindingpdb,active,0.4424778761061947
4.0,4.0,[4],4.0,50516946,COc1c(N2C[C@H]3CCCN([C@H]3C2)C(=O)Cn2cc(CN3C(=O)C(=O)c4ccccc34)nn2)c(F)cc2c1n(cc(C(O)=O)c2=O)C1CC1,bindingpdb,active,0.5
5.0,5.0,[5],5.0,50516947,COc1c(N2C[C@H]3CCCN([C@H]3C2)C(=O)Cn2cc(CN3C(=O)\C(=N\NC(N)=S)c4ccccc34)nn2)c(F)cc2c1n(cc(C(O)=O)c2=O)C1CC1,bindingpdb,active,0.44642857142857145
9400.0,9400.0,[9400],9400.0,50117914,COc1c(N2CCNC(C)C2)c(F)cc2c1n(cc(C(O)=O)c2=O)C1CC1,bindingpdb,active,0.7058823529411765
9200.0,9200.0,[9200],9200.0,50131428,COc1c(N2CC3CCCNC3C2)c(F)cc2C(=O)C(CN(C3CC3)c12)C(O)=O,bindingpdb,active,0.581081081081081
52000.0,52000.0,[52000],52000.0,50131445,COC(=O)c1cn2[C@@H](C)COc3c(N4CCN(C)CC4)c(F)cc(c23)c1=O,bindingpdb,inactive,0.8103448275862069
2900.0,2900.0,[2900],2900.0,50330327,COc1c(N2CC[C@H](C2)C(C)(C)N)c(F)cc2c1n(C1CC1)c1s[nH]c(=O)c1c2=O,bindingpdb,active,0.367816091954023
